epoch,train_loss,val_loss,val_dice,lr
1,1.113,0.8689,0.3719,0.0001
2,0.8621,0.7612,0.4378,0.0001
3,0.7819,0.7217,0.4426,0.0001
4,0.7646,0.6832,0.4156,0.0001
5,0.7315,0.6207,0.4689,0.0001
6,0.6561,0.6218,0.3798,0.0001
7,0.6622,0.57,0.4556,0.0001
8,0.6117,0.5485,0.5255,0.0001
9,0.6274,0.5381,0.5135,0.0001
10,0.5821,0.5684,0.4801,0.0001
11,0.5807,0.5266,0.4998,0.0001
12,0.5667,0.4945,0.5042,0.0001
13,0.5441,0.516,0.4738,0.0001
14,0.5635,0.4965,0.5144,0.0001
15,0.5535,0.4507,0.5159,0.0001
16,0.5368,0.4823,0.5598,0.0001
17,0.5154,0.466,0.5359,0.0001
18,0.507,0.4547,0.5499,0.0001
19,0.4973,0.4257,0.5296,0.0001
20,0.5138,0.4443,0.5092,0.0001
21,0.4787,0.4069,0.5447,0.0001
22,0.4971,0.4368,0.5277,0.0001
23,0.4542,0.4651,0.4933,0.0001
24,0.4736,0.3902,0.5547,0.0001
25,0.469,0.3921,0.5758,0.0001
26,0.4636,0.3894,0.554,0.0001
27,0.4277,0.4028,0.6023,0.0001
28,0.4402,0.3773,0.5817,0.0001
29,0.4179,0.4184,0.5715,0.0001
30,0.4242,0.3846,0.6091,0.0001
